{"cameraMode":{"drawMode":0,"name":"Shaded","section":"Shading Mode"},"sceneLighting":true,"audioPlay":false,"sceneViewState":{"showFog":false,"showMaterialUpdate":false,"showSkybox":false,"showFlares":false,"showImageEffects":false,"showParticleSystems":false},"in2DMode":false,"pivot":{"x":0.5179529190063477,"y":0.11797618865966797,"z":0.7082834243774414},"rotation":{"x":0.15596969425678254,"y":0.8395729064941406,"z":-0.3177531063556671,"w":0.4121039807796478},"size":3.7732646465301515,"orthographic":false}