{"cameraMode":{"drawMode":0,"name":"Shaded","section":"Shading Mode"},"sceneLighting":true,"audioPlay":false,"sceneViewState":{"showFog":false,"showMaterialUpdate":false,"showSkybox":false,"showFlares":false,"showImageEffects":false,"showParticleSystems":false},"in2DMode":false,"pivot":{"x":-69.23493957519531,"y":79.609375,"z":-100.9271240234375},"rotation":{"x":0.3239476680755615,"y":0.02298303134739399,"z":-0.007872610352933407,"w":0.9457640647888184},"size":104.8213119506836,"orthographic":false}